
-- MySQL Script generated by MySQL Workbench
-- Thu Aug 18 11:03:37 2022
-- Model: New Model    Version: 1.0
-- MySQL Workbench Forward Engineering

SET @OLD_UNIQUE_CHECKS=@@UNIQUE_CHECKS, UNIQUE_CHECKS=0;
SET @OLD_FOREIGN_KEY_CHECKS=@@FOREIGN_KEY_CHECKS, FOREIGN_KEY_CHECKS=0;
SET @OLD_SQL_MODE=@@SQL_MODE, SQL_MODE='TRADITIONAL,ALLOW_INVALID_DATES';

-- -----------------------------------------------------
-- Schema mydb
-- -----------------------------------------------------

-- -----------------------------------------------------
-- Schema mydb
-- -----------------------------------------------------


CREATE SCHEMA IF NOT EXISTS `mydb` DEFAULT CHARACTER SET utf8 ;
USE `mydb` ;

CREATE TABLE IF NOT EXISTS `mydb`.`Estados` (
  `id` int(11) NOT NULL AUTO_INCREMENT PRIMARY KEY,
  `nome` varchar(75) DEFAULT NULL,
  `uf` varchar(2) DEFAULT NULL,
  `ibge` int(2) DEFAULT NULL,
  `pais` int(3) DEFAULT NULL,
  `ddd` varchar(50) DEFAULT NULL
) ENGINE=MyISAM DEFAULT CHARSET=utf8 COMMENT='Unidades Federativas';

-- -----------------------------------------------------
-- Table `mydb`.`Cliente`
-- -----------------------------------------------------
CREATE TABLE IF NOT EXISTS `mydb`.`Cliente` (
  `id` INT(11) NOT NULL AUTO_INCREMENT PRIMARY KEY, 	
  `nome` VARCHAR(200) NOT NULL,
  `cpf` VARCHAR(45) NOT NULL,
  `email` VARCHAR(45),
  `bairro` VARCHAR(45),
  `rua` VARCHAR(45),
  `cidade` VARCHAR(45),
  `idEstado` int,
  `cep` VARCHAR(45),
  `data_de_nasc` 
  DATE,
  CONSTRAINT `fk_idEstado`
    FOREIGN KEY (`idEstado`)
    REFERENCES `mydb`.`Estados` (`id`))
ENGINE = InnoDB;


CREATE TABLE IF NOT EXISTS `mydb`.`Usuarios` (
  `login` varchar(30) NOT NULL,
  `nome` VARCHAR(200) NOT NULL,
  `senha` VARCHAR(10) NOT NULL,
  `permissao` TINYINT,
  `idUsuario` int not null,
  `data_de_nascUsuario` date,
  `cpfUsuario` varchar(16),
  `idade` int,
  PRIMARY KEY (`idUsuario`))
ENGINE = InnoDB;

-- -----------------------------------------------------
-- Table `mydb`.`Venda`
-- -----------------------------------------------------
CREATE TABLE IF NOT EXISTS `mydb`.`Venda` (
  `codigoVenda` INT NOT NULL AUTO_INCREMENT PRIMARY KEY,
  `data` DATE NOT NULL,
  `comissaoVendedor` DECIMAL(65,0) NULL,
  `lucro` DECIMAL(60,0) NOT NULL,
  `idCliente` INT(11) NOT NULL,
  `idUsuario` int NOT NULL,
  CONSTRAINT `fk_Venda_idCliente`
    FOREIGN KEY (`idCliente`)
    REFERENCES `mydb`.`Cliente` (`id`),
    CONSTRAINT `fk_Venda_idUsuario`
    FOREIGN KEY (`idUsuario`)
    REFERENCES `mydb`.`Usuarios` (`idUsuario`)
    ON DELETE NO ACTION
    ON UPDATE NO ACTION)
ENGINE = InnoDB;


-- -----------------------------------------------------
-- Table `mydb`.`Fornecedor`
-- -----------------------------------------------------
CREATE TABLE IF NOT EXISTS `mydb`.`Fornecedor` (
  `nome` VARCHAR(200) not NULL,
  `localizacao` VARCHAR(400) NULL,
  `telefone` VARCHAR(30) NULL,
  PRIMARY KEY (`nome`))
ENGINE = InnoDB;


-- -----------------------------------------------------
-- Table `mydb`.`Produto`
-- -----------------------------------------------------
CREATE TABLE IF NOT EXISTS `mydb`.`Produto` (
  `codigoProduto` INT NOT NULL,
  `nome` VARCHAR(200) NULL,
  `precoProduto` DECIMAL(65,0) NOT NULL,
  `quant_no_estoque` INT NOT NULL,
  `Fornecedor_nome` VARCHAR(200) NOT NULL,
  PRIMARY KEY (`codigoProduto`, `Fornecedor_nome`),
  INDEX `fk_Produto_Fornecedor_idx` (`Fornecedor_nome` ASC),
  CONSTRAINT `fk_Produto_Fornecedor`
    FOREIGN KEY (`Fornecedor_nome`)
    REFERENCES `mydb`.`Fornecedor` (`nome`)
    ON DELETE NO ACTION
    ON UPDATE NO ACTION)
ENGINE = InnoDB;


-- -----------------------------------------------------
-- Table `mydb`.`VendaProdutos`
-- -----------------------------------------------------
CREATE TABLE IF NOT EXISTS `mydb`.`VendaProdutos` (
  `Venda_codigoVenda` INT NOT NULL,
  `Produto_codigoProduto` INT NOT NULL,
  `quantidadeVendida` INT NULL,
  PRIMARY KEY (`Venda_codigoVenda`, `Produto_codigoProduto`),
  INDEX `fk_Venda_has_Produto_Produto1_idx` (`Produto_codigoProduto` ASC),
  INDEX `fk_Venda_has_Produto_Venda1_idx` (`Venda_codigoVenda` ASC),
  CONSTRAINT `fk_Venda_has_Produto_Venda1`
    FOREIGN KEY (`Venda_codigoVenda`)
    REFERENCES `mydb`.`Venda` (`codigoVenda`)
    ON DELETE NO ACTION
    ON UPDATE NO ACTION,  CONSTRAINT `fk_Venda_has_Produto_Produto1`

    FOREIGN KEY (`Produto_codigoProduto`)
    REFERENCES `mydb`.`Produto` (`codigoProduto`)
    ON DELETE NO ACTION
    ON UPDATE NO ACTION)
ENGINE = InnoDB;


USE `mydb` ;

-- -----------------------------------------------------
-- Placeholder table for view `mydb`.`view1`
-- -----------------------------------------------------
CREATE TABLE IF NOT EXISTS `mydb`.`view1` (`id` INT);

-- -----------------------------------------------------
-- View `mydb`.`view1`
-- -----------------------------------------------------
DROP TABLE IF EXISTS `mydb`.`view1`;
USE `mydb`;


SET SQL_MODE=@OLD_SQL_MODE;
SET FOREIGN_KEY_CHECKS=@OLD_FOREIGN_KEY_CHECKS;
SET UNIQUE_CHECKS=@OLD_UNIQUE_CHECKS;

INSERT INTO Estados(id, nome, uf, ibge, pais, ddd) VALUES
(1, 'Acre', 'AC', 12, 1, '68'),
(2, 'Alagoas', 'AL', 27, 1, '82'),
(3, 'Amazonas', 'AM', 13, 1, '97,92'),
(4, 'Amapá', 'AP', 16, 1, '96'),
(5, 'Bahia', 'BA', 29, 1, '77,75,73,74,71'),
(6, 'Ceará', 'CE', 23, 1, '88,85'),
(7, 'Distrito Federal', 'DF', 53, 1, '61'),
(8, 'Espírito Santo', 'ES', 32, 1, '28,27'),
(9, 'Goiás', 'GO', 52, 1, '62,64,61'),
(10, 'Maranhão', 'MA', 21, 1, '99,98'),
(11, 'Minas Gerais', 'MG', 31, 1, '34,37,31,33,35,38,32'),
(12, 'Mato Grosso do Sul', 'MS', 50, 1, '67'),
(13, 'Mato Grosso', 'MT', 51, 1, '65,66'),
(14, 'Pará', 'PA', 15, 1, '91,94,93'),
(15, 'Paraíba', 'PB', 25, 1, '83'),
(16, 'Pernambuco', 'PE', 26, 1, '81,87'),
(17, 'Piauí', 'PI', 22, 1, '89,86'),
(18, 'Paraná', 'PR', 41, 1, '43,41,42,44,45,46'),
(19, 'Rio de Janeiro', 'RJ', 33, 1, '24,22,21'),
(20, 'Rio Grande do Norte', 'RN', 24, 1, '84'),
(21, 'Rondônia', 'RO', 11, 1, '69'),
(22, 'Roraima', 'RR', 14, 1, '95'),
(23, 'Rio Grande do Sul', 'RS', 43, 1, '53,54,55,51'),
(24, 'Santa Catarina', 'SC', 42, 1, '47,48,49'),
(25, 'Sergipe', 'SE', 28, 1, '79'),
(26, 'São Paulo', 'SP', 35, 1, '11,12,13,14,15,16,17,18,19'),
(27, 'Tocantins', 'TO', 17, 1, '63'),
(99, 'Exterior', 'EX', 99, NULL, NULL);

insert into Cliente (nome, cpf, email, bairro, rua, cidade, id, cep, data_de_nasc) values ('Robin Corstorphine', '157.8.146.35', 'rcorstorphine0@marriott.com', 'Água Verde', 'Service', 'Gongjiahe', 1, '26453-456', '2021-12-13');
insert into Cliente (nome, cpf, email, bairro, rua, cidade, id, cep, data_de_nasc) values ('Corena Anderson', '81.111.177.110', 'canderson1@apache.org', 'Vorstadt', 'Knutson', 'Tiandiba', 2, '13345-654', '2022-03-24');
insert into Cliente (nome, cpf, email, bairro, rua, cidade, id, cep, data_de_nasc) values ('Marillin Dunne', '15.71.64.210', 'mdunne2@delicious.com', ' Ribeirão Fresco', 'Garrison', 'Náfplio', 3, '23456-885', '2022-01-01');
insert into Cliente (nome, cpf, email, bairro, rua, cidade, id, cep, data_de_nasc) values ('Atalanta Geertz', '108.219.97.72', 'ageertz3@liveinternet.ru', 'Garcia', 'Huxley', 'Bonao', 4, '38754-532', '2021-01-14');
insert into Cliente (nome, cpf, email, bairro, rua, cidade, id, cep, data_de_nasc) values ('Cheslie Mawhinney', '196.117.146.208', 'cmawhinney4@foxnews.com', 'Da Glória', 'Mifflin', 'Turnišče', 5, '65389-345', '2022-04-28');
insert into Cliente (nome, cpf, email, bairro, rua, cidade, id, cep, data_de_nasc) values ('West Powe', '48.35.200.144', 'wpowe5@youtu.be', 'Progresso', 'Pleasure', 'Meshcherino', 6, '123-4327', '2022-05-27');
insert into Cliente (nome, cpf, email, bairro, rua, cidade, id, cep, data_de_nasc) values ('Dalila Linster', '240.37.237.18', 'dlinster6@multiply.com', ' Bom Retiro', 'Division', 'Fort Macleod', 7, '14123-541', '2021-04-24');
insert into Cliente (nome, cpf, email, bairro, rua, cidade, id, cep, data_de_nasc) values ('Arlena Vannuccinii', '239.96.151.113', 'avannuccinii7@51.la', 'Velha', 'Monument', 'Mauá', 8, '12345-780', '2021-03-06');
insert into Cliente (nome, cpf, email, bairro, rua, cidade, id, cep, data_de_nasc) values ('Gianna Rentelll', '164.137.157.102', 'grentelll8@ameblo.jp', 'Velha Grande', 'Maywood', 'Krouna', 9, '50234-654', '2022-10-20');
insert into Cliente (nome, cpf, email, bairro, rua, cidade, id, cep, data_de_nasc) values ('Kellen O''Heffernan', '10.58.147.204', 'koheffernan9@google.ru', 'Passo Manso', 'Charing Cross', 'Qiujia', 10, '12345-663', '2022-05-13');
insert into Cliente (nome, cpf, email, bairro, rua, cidade, id, cep, data_de_nasc) values ('Loni Mathen', '41.190.175.210', 'lmathena@dot.gov', 'Salto Weissbach', 'Tomscot', 'Longwood', 11, '12345-587', '2022-11-13');
insert into Cliente (nome, cpf, email, bairro, rua, cidade, id, cep, data_de_nasc) values ('Hulda Ions', '31.84.32.104', 'hionsb@bloomberg.com', 'Do Salto', 'Summerview', 'Jiuxian', 12, '23456-869', '2021-11-29');
insert into Cliente (nome, cpf, email, bairro, rua, cidade, id, cep, data_de_nasc) values ('Rochell de''-Ancy Willis', '213.159.87.215', 'rdeancyc@facebook.com', 'Escola Agrícola', 'Division', 'Toulouse', 13, '66123-654', '2021-04-28');
insert into Cliente (nome, cpf, email, bairro, rua, cidade, id, cep, data_de_nasc) values ('Daile Targett', '99.6.242.161', 'dtargettd@gravatar.com', ' Água Verde', 'Boyd', 'Vermil', 14, '08754-100', '2022-10-23');
insert into Cliente (nome, cpf, email, bairro, rua, cidade, id, cep, data_de_nasc) values ('Denny O''Hanley', '132.255.184.224', 'dohanleye@home.pl', ' Vila Nova', 'Banding', 'Staromyshastovskaya', 15, '43234-876', '2021-01-09');
insert into Cliente (nome, cpf, email, bairro, rua, cidade, id, cep, data_de_nasc) values ('Dulcinea Bloyes', '175.180.140.98', 'dbloyesf@jugem.jp', ' Itoupava Seca', 'Heath', 'Akron', 16, '12309-777', '2021-12-17');
insert into Cliente (nome, cpf, email, bairro, rua, cidade, id, cep, data_de_nasc) values ('Sharia Prover', '198.14.9.133', 'sproverg@cnbc.com', 'Victor Konder', 'Hoard', 'Roldanillo', 17,  '35128-765', '2021-06-21');
insert into Cliente (nome, cpf, email, bairro, rua, cidade, id, cep, data_de_nasc) values ('Matty Cinderey', '199.120.139.121', 'mcindereyh@nhs.uk', ' Boa Vista', 'Nevada', 'Roi Et', 18, '10854-369', '2022-11-16');
insert into Cliente (nome, cpf, email, bairro, rua, cidade, id, cep, data_de_nasc) values ('Sibilla Moxsom', '27.245.99.100', 'smoxsomi@usa.gov', 'Ponta Aguda', 'Gina', 'Caucaguita', 19, '42964-357', '2022-01-19');
insert into Cliente (nome, cpf, email, bairro, rua, cidade, id, cep, data_de_nasc) values ('Kathye Naughton', '167.6.134.190', 'knaughtonj@marketwatch.com', 'Nova Esperança', 'Killdeer', 'Sekirnik', 20, '2212-534', '2022-10-08');

insert into Usuarios (login, nome, senha, permissao, idUsuario, data_de_nascUsuario, cpfUsuario, idade) values ('imcmackin0', 'Isis McMackin', '54799-896', false, 1, '1999-05-08', '063.369.720-62', null);
insert into Usuarios (login, nome, senha, permissao, idUsuario, data_de_nascUsuario, cpfUsuario, idade) values ('cbartoszewicz1', 'Chevy Bartoszewicz', '66336-571', true, 2, '1998-03-11', '404.605.060-80', null);
insert into Usuarios (login, nome, senha, permissao, idUsuario, data_de_nascUsuario, cpfUsuario, idade) values ('zrollin2', 'Zollie Rollin', '17156-605', true, 3, '1998-05-23', '448.992.320-12', null);
insert into Usuarios (login, nome, senha, permissao, idUsuario, data_de_nascUsuario, cpfUsuario, idade) values ('drelf3', 'Darbee Relf', '42549-578', true, 4, '1998-09-30', '898.600.280-95', null);
insert into Usuarios (login, nome, senha, permissao, idUsuario, data_de_nascUsuario, cpfUsuario, idade) values ('nenbury4', 'Natassia Enbury', '0363-2085', true, 5, '2000-03-17', '551.545.600-94', null);
insert into Usuarios (login, nome, senha, permissao, idUsuario, data_de_nascUsuario, cpfUsuario, idade) values ('dbisp5', 'Dari Bisp', '52915-060', true, 6, '1999-09-21', '718.890.030-26', null);
insert into Usuarios (login, nome, senha, permissao, idUsuario, data_de_nascUsuario, cpfUsuario, idade) values ('qarnell6', 'Quint Arnell', '48951-8221', false, 7, '1999-05-10', '574.894.720-08', null);
insert into Usuarios (login, nome, senha, permissao, idUsuario, data_de_nascUsuario, cpfUsuario, idade) values ('kloisi7', 'Kellsie Loisi', '0143-9807', false, 8, '1998-06-30', '895.295.650-89', null);
insert into Usuarios (login, nome, senha, permissao, idUsuario, data_de_nascUsuario, cpfUsuario, idade) values ('yshropshire8', 'Yuma Shropshire', '0378-3065', true, 9, '1998-11-10', '567.338.640-02', null);
insert into Usuarios (login, nome, senha, permissao, idUsuario, data_de_nascUsuario, cpfUsuario, idade) values ('mcasali9', 'Mollie Casali', '61919-176', true, 10, '1997-11-16', '974.749.570-86', null);
insert into Usuarios (login, nome, senha, permissao, idUsuario, data_de_nascUsuario, cpfUsuario, idade) values ('cissitta', 'Creigh Issitt', '48951-2094', false, 11, '1998-08-18', '484.977.520-90', null);
insert into Usuarios (login, nome, senha, permissao, idUsuario, data_de_nascUsuario, cpfUsuario, idade) values ('tlittb', 'Thaddus Litt', '51672-2088', false, 12, '1999-10-14', '536.497.780-33', null);
insert into Usuarios (login, nome, senha, permissao, idUsuario, data_de_nascUsuario, cpfUsuario, idade) values ('rjaffac', 'Rakel Jaffa', '41250-666', false, 13, '1998-03-10', '893.814.020-27', null);
insert into Usuarios (login, nome, senha, permissao, idUsuario, data_de_nascUsuario, cpfUsuario, idade) values ('pblewettd', 'Park Blewett', '0378-2064', true, 14, '1998-02-01', '108.382.660-37', null);
insert into Usuarios (login, nome, senha, permissao, idUsuario, data_de_nascUsuario, cpfUsuario, idade) values ('pheazele', 'Phoebe Heazel', '12546-314', false, 15, '1998-09-27', '351.302.730-36', null);
insert into Usuarios (login, nome, senha, permissao, idUsuario, data_de_nascUsuario, cpfUsuario, idade) values ('scombef', 'Sylvia Combe', '11822-1880', true, 16, '2000-03-29', '988.839.160-77', null);
insert into Usuarios (login, nome, senha, permissao, idUsuario, data_de_nascUsuario, cpfUsuario, idade) values ('bpowderg', 'Beret Powder', '43538-950', true, 17,  '1997-12-03', '959.749.830-84', null);
insert into Usuarios (login, nome, senha, permissao, idUsuario, data_de_nascUsuario, cpfUsuario, idade) values ('dkoppkeh', 'Drusie Koppke', '11523-7227', true, 18, '1999-01-19', '937.034.980-48', null);
insert into Usuarios (login, nome, senha, permissao, idUsuario, data_de_nascUsuario, cpfUsuario, idade) values ('bdewsburyi', 'Bendite Dewsbury', '25021-122', true, 19, '1999-01-12', '412.824.990-41', null);
insert into Usuarios (login, nome, senha, permissao, idUsuario, data_de_nascUsuario, cpfUsuario, idade) values ('ssikoraj', 'Shepard Sikora', '0085-1461', true, 20, '1998-09-08', '898.729.280-02', null);


insert into Fornecedor (nome, localizacao, telefone) values ('Marcille Willmer', 'Tetyushi', '974-172-8864');
insert into Fornecedor (nome, localizacao, telefone) values ('Kristin Nendick', 'Zhujiapu', '483-349-1413');
insert into Fornecedor (nome, localizacao, telefone) values ('Aarika Batrim', 'Przodkowo', '725-935-1244');
insert into Fornecedor (nome, localizacao, telefone) values ('Frederick Van Brug', 'Bogolyubovo', '587-966-7361');
insert into Fornecedor (nome, localizacao, telefone) values ('Llywellyn Cluley', 'Dao', '114-687-5014');
insert into Fornecedor (nome, localizacao, telefone) values ('Modestia Jeandot', 'Colonia Neuland', '838-384-3910');
insert into Fornecedor (nome, localizacao, telefone) values ('Kip Drust', 'Melrose', '479-401-3295');
insert into Fornecedor (nome, localizacao, telefone) values ('Edeline Cancellor', 'Yangjingziwan', '590-719-6603');
insert into Fornecedor (nome, localizacao, telefone) values ('Deny Brotherwood', 'Kenyau', '527-875-2567');
insert into Fornecedor (nome, localizacao, telefone) values ('Chlo Arnholz', 'Safonovo', '507-221-5285');
insert into Fornecedor (nome, localizacao, telefone) values ('Lovell Kardos-Stowe', 'Rožna Dolina', '769-568-8789');
insert into Fornecedor (nome, localizacao, telefone) values ('Osborne Essberger', 'Itabira', '285-946-2246');
insert into Fornecedor (nome, localizacao, telefone) values ('Anabelle McGreay', 'Weiyanggong', '707-528-9082');
insert into Fornecedor (nome, localizacao, telefone) values ('Tisha MacAskie', 'Qaryūt', '468-702-6969');
insert into Fornecedor (nome, localizacao, telefone) values ('Louise Ghidelli', 'Iwye', '144-770-3538');
insert into Fornecedor (nome, localizacao, telefone) values ('Claudia Asquez', 'Nîmes', '116-866-9974');
insert into Fornecedor (nome, localizacao, telefone) values ('Saunders Bea', 'Huoli', '423-594-4080');
insert into Fornecedor (nome, localizacao, telefone) values ('August Gilleson', 'Shatou', '839-616-0006');
insert into Fornecedor (nome, localizacao, telefone) values ('Reid Martinovsky', 'Dianzi', '649-475-9421');
insert into Fornecedor (nome, localizacao, telefone) values ('Perry Frears', 'Naples', '239-968-7289');

insert into Produto (codigoProduto, nome, precoProduto, quant_no_estoque, Fornecedor_nome) values (56, 'Ecobag', 4.17, 11, 'Kip Drust');
insert into Produto (codigoProduto, nome, precoProduto, quant_no_estoque, Fornecedor_nome) values (92, 'Bucha Vegetal', 50.34, 56, 'Kristin Nendick');
insert into Produto (codigoProduto, nome, precoProduto, quant_no_estoque, Fornecedor_nome) values (96, 'Quardanapo de pano', 79.91, 38, 'Aarika Batrim');
insert into Produto (codigoProduto, nome, precoProduto, quant_no_estoque, Fornecedor_nome) values (35, 'Absorvente de pano', 27.24, 39, 'Frederick Van Brug');
insert into Produto (codigoProduto, nome, precoProduto, quant_no_estoque, Fornecedor_nome) values (29, 'Fraldas reutilizáveis', 13.68, 41, 'Llywellyn Cluley');
insert into Produto (codigoProduto, nome, precoProduto, quant_no_estoque, Fornecedor_nome) values (33, 'Escova de dente de bamboo com sardas de pelo trocáveis', 96.70, 75, 'Modestia Jeandot');
insert into Produto (codigoProduto, nome, precoProduto, quant_no_estoque, Fornecedor_nome) values (89, 'Detergente ecológico', 63.18, 47, 'Kip Drust');
insert into Produto (codigoProduto, nome, precoProduto, quant_no_estoque, Fornecedor_nome) values (21, 'Shampoo em barra', 20.65, 95, 'Kip Drust');
insert into Produto (codigoProduto, nome, precoProduto, quant_no_estoque, Fornecedor_nome) values (1, 'Condicionador em barra', 98.48, 79, 'Kip Drust');
insert into Produto (codigoProduto, nome, precoProduto, quant_no_estoque, Fornecedor_nome) values (75, 'Canudo de Aço', 16.48, 52, 'Llywellyn Cluley');
insert into Produto (codigoProduto, nome, precoProduto, quant_no_estoque, Fornecedor_nome) values (48, 'Mensageiro dos Ventos', 32.04, 91, 'Osborne Essberger');
insert into Produto (codigoProduto, nome, precoProduto, quant_no_estoque, Fornecedor_nome) values (61, 'Ecobag Pequena', 55.56, 11, 'Osborne Essberger');
insert into Produto (codigoProduto, nome, precoProduto, quant_no_estoque, Fornecedor_nome) values (16, 'Saboneteira de Bamboo', 26.62, 64, 'Anabelle McGreay');
insert into Produto (codigoProduto, nome, precoProduto, quant_no_estoque, Fornecedor_nome) values (6, 'Sabão de coco natural', 80.43, 86, 'Anabelle McGreay');
insert into Produto (codigoProduto, nome, precoProduto, quant_no_estoque, Fornecedor_nome) values (37, 'Pano de prato de algodão orgânico',64.43, 71, 'Anabelle McGreay');
insert into Produto (codigoProduto, nome, precoProduto, quant_no_estoque, Fornecedor_nome) values (4, 'Desodorante Sólido Vegano', 79.61, 39, 'Edeline Cancellor');
insert into Produto (codigoProduto, nome, precoProduto, quant_no_estoque, Fornecedor_nome) values (34, 'Pente de cabelo de madeira', 43.68, 78, 'August Gilleson');
insert into Produto (codigoProduto, nome, precoProduto, quant_no_estoque, Fornecedor_nome) values (99, 'saco de silicone reutilizável', 58.08, 39, 'August Gilleson');
insert into Produto (codigoProduto, nome, precoProduto, quant_no_estoque, Fornecedor_nome) values (63, 'Infusor de chá de inox com corrente', 65.61, 5, 'August Gilleson');
insert into Produto (codigoProduto, nome, precoProduto, quant_no_estoque, Fornecedor_nome) values (49, 'Garrafa térmica de inox com infusor', 20.68, 71, 'Perry Frears');

insert into Venda (codigoVenda, data, comissaoVendedor, lucro, idCliente, idUsuario) values (24, '2022-05-29', 35.08, 893.36, 1, 1);
insert into Venda (codigoVenda, data, comissaoVendedor, lucro, idCliente, idUsuario) values (31, '2021-12-16', 1.30, 92.11, 2, 2);
insert into Venda (codigoVenda, data, comissaoVendedor, lucro, idCliente, idUsuario) values (33, '2021-11-07', 2.77, 545.28, 3, 2);
insert into Venda (codigoVenda, data, comissaoVendedor, lucro, idCliente, idUsuario) values (46, '2021-08-29', 24.26, 699.30, 4, 3);
insert into Venda (codigoVenda, data, comissaoVendedor, lucro, idCliente, idUsuario) values (69, '2021-10-23', 7.52, 925.71, 5, 4);
insert into Venda (codigoVenda, data, comissaoVendedor, lucro, idCliente, idUsuario) values (5, '2021-10-16', 0.69, 544.32, 6, 4);
insert into Venda (codigoVenda, data, comissaoVendedor, lucro, idCliente, idUsuario) values (86, '2022-02-02', 29.12, 521.87, 7, 4);
insert into Venda (codigoVenda, data, comissaoVendedor, lucro, idCliente, idUsuario) values (92, '2022-06-25', 23.06, 584.96, 8, 5);
insert into Venda (codigoVenda, data, comissaoVendedor, lucro, idCliente, idUsuario) values (100, '2022-07-08', 28.79, 925.39, 9, 6);
insert into Venda (codigoVenda, data, comissaoVendedor, lucro, idCliente, idUsuario) values (43, '2022-03-24', 12.46, 161.87, 10, 7);
insert into Venda (codigoVenda, data, comissaoVendedor, lucro, idCliente, idUsuario) values (62, '2022-06-01', 1.89, 984.93, 11, 7);
insert into Venda (codigoVenda, data, comissaoVendedor, lucro, idCliente, idUsuario) values (97, '2022-02-16', 16.28, 843.61, 12, 12);
insert into Venda (codigoVenda, data, comissaoVendedor, lucro, idCliente, idUsuario) values (68, '2022-03-07', 22.27, 717.24, 13, 6);
insert into Venda (codigoVenda, data, comissaoVendedor, lucro, idCliente, idUsuario) values (65, '2022-02-09', 5.33, 840.04, 14, 6);
insert into Venda (codigoVenda, data, comissaoVendedor, lucro, idCliente, idUsuario) values (99, '2021-11-20', 20.35, 697.71, 15, 12);
insert into Venda (codigoVenda, data, comissaoVendedor, lucro, idCliente, idUsuario) values (32, '2021-09-06', 24.85, 855.58, 16, 1);
insert into Venda (codigoVenda, data, comissaoVendedor, lucro, idCliente, idUsuario) values (80, '2022-01-24', 16.35, 863.56, 17, 1);
insert into Venda (codigoVenda, data, comissaoVendedor, lucro, idCliente, idUsuario) values (39, '2022-06-02', 20.09, 948.67, 18, 9);
insert into Venda (codigoVenda, data, comissaoVendedor, lucro, idCliente, idUsuario) values (42, '2021-10-07', 3.26, 905.16, 19, 9);
insert into Venda (codigoVenda, data, comissaoVendedor, lucro, idCliente, idUsuario) values (94, '2022-06-20', 40.13, 558.05, 20, 8);

insert into VendaProdutos (Venda_codigoVenda, Produto_codigoProduto, quantidadeVendida) values (24, 56, 1);
insert into VendaProdutos (Venda_codigoVenda, Produto_codigoProduto, quantidadeVendida) values (31, 92, 2);
insert into VendaProdutos (Venda_codigoVenda, Produto_codigoProduto, quantidadeVendida) values (33, 96, 3);
insert into VendaProdutos (Venda_codigoVenda, Produto_codigoProduto, quantidadeVendida) values (46, 35, 4);
insert into VendaProdutos (Venda_codigoVenda, Produto_codigoProduto, quantidadeVendida) values (69, 29, 5);
insert into VendaProdutos (Venda_codigoVenda, Produto_codigoProduto, quantidadeVendida) values (5, 33, 6);
insert into VendaProdutos (Venda_codigoVenda, Produto_codigoProduto, quantidadeVendida) values (86, 89, 7);
insert into VendaProdutos (Venda_codigoVenda, Produto_codigoProduto, quantidadeVendida) values (92, 21, 8);
insert into VendaProdutos (Venda_codigoVenda, Produto_codigoProduto, quantidadeVendida) values (100, 1, 9);
insert into VendaProdutos (Venda_codigoVenda, Produto_codigoProduto, quantidadeVendida) values (43, 75, 10);
insert into VendaProdutos (Venda_codigoVenda, Produto_codigoProduto, quantidadeVendida) values (62, 48, 11);
insert into VendaProdutos (Venda_codigoVenda, Produto_codigoProduto, quantidadeVendida) values (97, 61, 12);
insert into VendaProdutos (Venda_codigoVenda, Produto_codigoProduto, quantidadeVendida) values (68, 16,13);
insert into VendaProdutos (Venda_codigoVenda, Produto_codigoProduto, quantidadeVendida) values (65, 6, 14);
insert into VendaProdutos (Venda_codigoVenda, Produto_codigoProduto, quantidadeVendida) values (99, 37, 15);
insert into VendaProdutos (Venda_codigoVenda, Produto_codigoProduto, quantidadeVendida) values (32, 4, 16);
insert into VendaProdutos (Venda_codigoVenda, Produto_codigoProduto, quantidadeVendida) values (80, 34, 17);
insert into VendaProdutos (Venda_codigoVenda, Produto_codigoProduto, quantidadeVendida) values (39, 99, 18);
insert into VendaProdutos (Venda_codigoVenda, Produto_codigoProduto, quantidadeVendida) values (42, 63, 19);
insert into VendaProdutos (Venda_codigoVenda, Produto_codigoProduto, quantidadeVendida) values (94, 49, 20);